id,codice_ipa,categoria,name,seed_domain,fallbacks,n_fallbacks,fb_validator_reasons
IT-C1-m_pi,m_pi,C1,Ministero dell'istruzione e del merito,mim.gov.it,istruzione.it,1,istruzione.it=NO:unrelated
IT-C13-ac_ra,ac_ra,C13,Automobile Club Ravenna,ravenna.aci.it,acravenna.it,1,acravenna.it=NO:unrelated
IT-C13-ac_tp,ac_tp,C13,Automobile Club Trapani,trapani.aci.it,email.it,1,email.it=NO:unrelated
IT-C13-acta,acta,C13,Automobile Club Taranto,taranto.aci.it,blu.it,1,blu.it=NO:unrelated
IT-C14-ZMK7OVXU,ZMK7OVXU,C14,FEDERAZIONE REGIONALE DEI DOTTORI AGRONOMI E DEI DOTTORI FORESTALI DELL'ABRUZZO,federazioneabruzzo.conaf.it,agronomiforestaliabruzzo.it,1,agronomiforestaliabruzzo.it=NO:unrelated
IT-C14-apacp,apacp,C14,Albo Professionale Agrotecnici Collegio di Pescara,agrotecnicipescara.it,agrotecnici.it,1,agrotecnici.it=NO:unrelated
IT-C14-cdad_020,cdad_020,C14,Collegio Degli Agrotecnici e Degli Agrotecnici Laureati della Provincia di Mantova,agrotecnicimantova.jimdo.com,agrotecnici.it,1,agrotecnici.it=NO:unrelated
IT-C14-cdobn,cdobn,C14,Collegio Delle Ostetriche di Benevento,ostetrichebn.it,virgilio.it,1,virgilio.it=NO:unrelated
IT-C14-cdom_mo,cdom_mo,C14,Ordine Interprovinciale della Professione di Ostetrica di Modena e Ferrara,ordineostetrichemodenaferrara.it,gmail.com,1,gmail.com=NO:unrelated
IT-C14-cdop_061,cdop_061,C14,Ordine della Professione di Ostetrica/o della Provincia di Caserta,lnx.ostetrichecaserta.it,gmail.com,1,gmail.com=NO:unrelated
IT-C14-cdopc,cdopc,C14,Ordine della Professione di Ostetrica della Provincia di Catania,collegio-ostetriche-ct.it,alice.it,1,alice.it=NO:unrelated
IT-C14-cdopm,cdopm,C14,Collegio Delle Ostetriche della Provincia di Mantova,collegioostetrichemantova.it,gmail.com,1,gmail.com=NO:unrelated
IT-C14-cdpatr,cdpatr,C14,Collegio Dei Periti Agrari e Dei Periti Agrari Laureati della Provincia di Trapani,peritiagraritp.it,tiscali.it,1,tiscali.it=NO:unrelated
IT-C14-cdpdp,cdpdp,C14,ordine dei periti industriali e dei periti industriali laureati della provincia di nuoro,peritindustrialinuoro.altervista.org,tiscali.it,1,tiscali.it=NO:unrelated
IT-C14-cdpid1,cdpid1,C14,ORDINE DEI PERITI INDUSTRIALI E DEI PERITI INDUSTRIALI LAUREATI DELLA PROVINCIA DI PIACENZA,periti-industriali-piacenza.it,ordineperitipiacenza.it,1,ordineperitipiacenza.it=NO:unrelated
IT-C14-cdtsrfg,cdtsrfg,C14,"Ordine dei Tecnici Sanitari di Radiologia Medica e delle Professioni Sanitarie Tecniche, della Riabilitazione e della Prevenzione della Provincia di Foggia",ordinetsrmpstrpfoggia.it,tsrmfoggia.org,1,tsrmfoggia.org=NO:unrelated
IT-C14-cgglre,cgglre,C14,Collegio Geometri e Geometri Laureati della Provincia di Reggio Emilia,geometrire.it,collegiogeometri.re.it,1,collegiogeometri.re.it=NO:unrelated
IT-C14-cida_063,cida_063,C14,Collegio Interprovinciale Degli Agrotecnici e Degli Agrotecnici Laureati di Napoli e Caserta,agrotecnici-napolicaserta.com,agrotecnici.it,1,agrotecnici.it=NO:unrelated
IT-C14-cida_076,cida_076,C14,Collegio Interprovinciale degli Agrotecnici e degli Agrotecnici Laureati della Provincia di Potenza e Matera,agrotecnicipotenzamatera.wordpress.com,agrotecnici.it,1,agrotecnici.it=NO:unrelated
IT-C14-cidoap,cidoap,C14,Ordine Interprovinciale Professione Ostetrica Ascoli Piceno e Fermo,ordineostetricheapfm.it,gmail.com,1,gmail.com=NO:unrelated
IT-C14-cidocls,cidocls,C14,ORDINE DELLA PROFESSIONE DI OSTETRICA INTERPROVINCIALE DI COMO LECCO E SONDRIO,ostetrichecomolecco.org,ostetrichecomoleccosondrio.org,1,ostetrichecomoleccosondrio.org=NO:unrelated
IT-C14-cip_a,cip_a,C14,Ordine delle Professioni Infermieristiche di Gorizia,opigorizia.it,opi-go.it,1,opi-go.it=NO:unrelated
IT-C14-citsr,citsr,C14,Ordine Professionale Interprovinciale TSRM PSTRP delle Province di Vercelli Biella,ordinevercellibiella.org,tsrm.org,1,tsrm.org=NO:unrelated
IT-C14-cnav,cnav,C14,Consiglio Notarile Avellino,consiglionotarilediavellino.com,notariato.it,1,notariato.it=NO:pec_provider:notariato.it
IT-C14-cnbl,cnbl,C14,Consiglio Notarile di Belluno,consiglionotarilebelluno.it,notariato.it,1,notariato.it=NO:pec_provider:notariato.it
IT-C14-cnddrfr,cnddrfr,C14,Consiglio Notarile Dei Distretti Riuniti di Forli' e Rimini,webrun.notariato.it,notariato.it,1,notariato.it=NO:pec_provider:notariato.it
IT-C14-coenna,coenna,C14,Collegio Ostetrici Enna,pec.collegiostetricienna.it,gmail.com,1,gmail.com=NO:unrelated
IT-C14-cpa_006,cpa_006,C14,Collegio Provinciale Agrotecnici e Agrotecnici laureati di Alessandria,alessandria.agrotecnicipiemonte.it,agrotecnici.it,1,agrotecnici.it=NO:unrelated
IT-C14-cpar,cpar,C14,Collegio Provinciale Agrotecnici Ravenna,agrotecniciravenna.com,agrotecnici.it,1,agrotecnici.it=NO:unrelated
IT-C14-cpclt,cpclt,C14,Consiglio Provinciale Consulenti del Lavoro di Teramo,consulentidellavoroteramo.com,consulentidellavoro.it,1,consulentidellavoro.it=NO:unrelated
IT-C14-cpdad_9,cpdad_9,C14,Collegio Provinciale Degli Agrotecnici e Degli Agrotecnici Laureati di Siracusa,agrotecnicisiracusa.it,agrotecnici.it,1,agrotecnici.it=NO:unrelated
IT-C14-cpdoc,cpdoc,C14,Ordine della Professione di Ostetrica della Provincia di Cosenza,ostetrichecs.it,libero.it,1,libero.it=NO:unrelated
IT-C14-cpdpa_cb,cpdpa_cb,C14,Collegio dei Periti Agrari e dei Periti Agrari Laureati della Provincia di Campobasso,peritiagraricb.it,peritiagrari.it,1,peritiagrari.it=NO:unrelated
IT-C14-cpgglb,cpgglb,C14,Collegio Provinciale Geometri e Geometri Laureati di Bari,bari.geometriapulia.net,cng.it,1,cng.it=NO:unrelated
IT-C14-cpoppu,cpoppu,C14,Collegio Provinciale Ordine dei Consulenti del Lavoro di Pesaro - Urbino,consulentidellavoropesaro.it,gmail.com,1,gmail.com=NO:unrelated
IT-C14-cptsr_n,cptsr_n,C14,Collegio Provinciale Tecnici Sanitari di Radiologia Medica di Nuoro,tsrmnuoro.jimdo.com,yahoo.it,1,yahoo.it=NO:unrelated
IT-C14-cptsre,cptsre,C14,"Ordine dei Tecnici Sanitari di Radiologia Medica, e delle Professioni Sanitarie Tecniche, della Riabilitazione e della Prevenzione della Provincia di Enna",tsrmenna.com,tsrm.org,1,tsrm.org=NO:unrelated
IT-C14-crdmi,crdmi,C14,Co.Re.Di. Commissione Amministrativa Regionale di Disciplina,coredilombardia.portaleamministrazionetrasparente.it,notariato.it,1,notariato.it=NO:pec_provider:notariato.it
IT-C14-ctsr_070,ctsr_070,C14,"Ordine dei Tecnici Sanitari di Radiologia Medica e delle Professioni Sanitarie Tecniche, della Riabilitazione e della Prevenzione di Campobasso-Isernia",collegiotsrmmolise.it,tsrm.org,1,tsrm.org=NO:unrelated
IT-C14-oam_2,oam_2,C14,Ordine Avvocati di Mondovi',ordineavvocatimondovi.it,gmail.com,1,gmail.com=NO:unrelated
IT-C14-oappcm,oappcm,C14,Ordine Architetti Pianificatori Paesaggisti e Conservatori della Prov. di Macerata,wwwarchitettimacerata.it,archiworld.it,1,archiworld.it=NO:unrelated
IT-C14-ocdlms,ocdlms,C14,Ordine Consulenti del Lavoro Consiglio Provinciale di Massa Carrara,consulentidellavoroms.it,gmail.com;consulentidellavoro.it,2,gmail.com=NO:unrelated | consulentidellavoro.it=NO:unrelated
IT-C14-odadfbg,odadfbg,C14,Ordine Dottori Agronomi e Dottori Forestali della Provincia di Bergamo,ordinebergamo.conaf.it,odafbergamo.it,1,odafbergamo.it=NO:unrelated
IT-C14-odadfc,odadfc,C14,Ordine Dei Dottori Agronomi e Dei Dottori Forestali della Provincia di Cremona,ordinecremona.conaf.it,associazioneprofessionisti-cr.it,1,associazioneprofessionisti-cr.it=NO:unrelated
IT-C14-odadfch,odadfch,C14,Ordine Dottori Agronomi e Dottori Forestali della Provincia di Chieti,ordinechieti.conaf.it,agronomiforestalichieti.it,1,agronomiforestalichieti.it=NO:unrelated
IT-C14-odadfmi,odadfmi,C14,Ordine Dei Dottori Agronomi e Dei Dottori Forestali di Milano,ordinemilano.conaf.it,odaf.mi.it,1,odaf.mi.it=NO:unrelated
IT-C14-odadfpv,odadfpv,C14,Ordine Dottori Agronomi e Dottori Forestali della Provincia di Verona,ordineverona.conaf.it,fodafveneto.it,1,fodafveneto.it=NO:unrelated
IT-C14-odafna,odafna,C14,Federazione Regionale Degli Ordini Dei Dottori Agronomi e Dei Dottori Forestali della Campania,fodafcampania.it,gmail.com,1,gmail.com=NO:unrelated
IT-C14-odafpo,odafpo,C14,Ordine Dei Dottori Agronomi e Dei Dottori Forestali di Prato,ordineprato.conaf.it,gmail.com,1,gmail.com=NO:unrelated
IT-C14-odafpt,odafpt,C14,Ordine Dei Dottori Agronomi e Dottori Forestali della Provincia di Pistoia,ordinepistoia.conaf.it,gmail.com,1,gmail.com=NO:unrelated
IT-C14-odafrc,odafrc,C14,Ordine Dei Dott. Agronomi e Dei Dott. Forestali della Provincia di Reggio Calabria,ordinereggiocalabria.conaf.it,tiscali.it,1,tiscali.it=NO:unrelated
IT-C14-odaftv,odaftv,C14,Ordine Dei Dottori Agronomi e Dottori Forestali della Provincia di Treviso,ordinetreviso.conaf.it,fodafveneto.it,1,fodafveneto.it=NO:unrelated
IT-C14-odafva,odafva,C14,Ordine dei Dottori Agronomi e dei Dottori Forestali di Varese,ordinevarese.conaf.it,agronomivarese.it,1,agronomivarese.it=NO:unrelated
IT-C14-odap_094,odap_094,C14,Ordine Degli Architetti Paesaggisti Pianificatori e Conservatori  della Provincia di Isernia,is.archiworld.it,gmail.com,1,gmail.com=NO:unrelated
IT-C14-odappe,odappe,C14,Ordine Degli Architetti Ppc della Provincia di Pescara,architettipescara.it,pescara.archiworld.it;hotmail.com,2,pescara.archiworld.it=NO:unrelated | hotmail.com=NO:unrelated
IT-C14-odcec_at,odcec_at,C14,Ordine dei Dottori Commercialisti e degli Esperti Contabili di Asti,asti.odec.com,odcec-asti.it,1,odcec-asti.it=NO:unrelated
IT-C14-odda_077,odda_077,C14,Ordine Dei Dottori Agronomi e Dei Dottori Forestali della Provincia di Matera,ordinematera.conaf.it,agronomimatera.com,1,agronomimatera.com=NO:unrelated
IT-C14-oddadfv,oddadfv,C14,Ordine Dei Dottori Agronomi e Dottori Forestali di Venezia,ordinevenezia.conaf.it,fodafveneto.it,1,fodafveneto.it=NO:unrelated
IT-C14-oddadnu,oddadnu,C14,Ordine Dei Dottori Agronomi e Dei Dottori Forestali della Provincia di Nuoro,ordinenuoro.conaf.it,gmail.com,1,gmail.com=NO:unrelated
IT-C14-oddafag,oddafag,C14,Ordine Dei Dottori Agronomi e Forestali di Agrigento,ordineagrigento.conaf.it,gmail.com,1,gmail.com=NO:unrelated
IT-C14-oddafpo,oddafpo,C14,Ordine Dei Dottori Agronomi e Dei Dottori Forestali della Provincia di Oristano,ordineoristano.conaf.it,gmail.com,1,gmail.com=NO:unrelated
IT-C14-oddafvi,oddafvi,C14,Ordine Dei Dottori Agronomi e Forestali della Prov. Di Vicenza,ordinevicenza.conaf.it,fodafveneto.it,1,fodafveneto.it=NO:unrelated
IT-C14-oddc_002,oddc_002,C14,Ordine Dei Dottori Commercialisti e Degli Esperti Contabili di Vercelli,vercelli.commercialisti.it,odcecvercelli.it,1,odcecvercelli.it=NO:unrelated
IT-C14-oddc_095,oddc_095,C14,Ordine Dei Dottori Commercialisti Ed Esperti Contabili di Oristano,oristano.odcec.com,gmail.com,1,gmail.com=NO:unrelated
IT-C14-oddc_096,oddc_096,C14,Ordine Dei Dottori Commercialisti e Degli Esperti Contabili di Biella,biella.odcec.com,odcbiella.it,1,odcbiella.it=NO:unrelated
IT-C14-oddcd_vb,oddcd_vb,C14,Ordine dei Dottori Commercialisti e degli Esperti Contabili di Verbania,verbania.commercialisti.it,odcec-verbania.it,1,odcec-verbania.it=NO:unrelated
IT-C14-oddcdf,oddcdf,C14,Ordine Dei Dottori Commercialisti e Degli Esperti Contabili di Forli',forli.commercialisti.it,odcecforlicesena.it,1,odcecforlicesena.it=NO:unrelated
IT-C14-odmcd,odmcd,C14,Ordine Dei Medici Chirurghi e Degli Odontoiatri della Provincia di Catanzaro,ordinedeimedicicz.it,virgilio.it,1,virgilio.it=NO:unrelated
IT-C14-oics,oics,C14,Ordine Interprovinciale Chimici Sicilia,ordinechimicisicilia.it,libero.it,1,libero.it=NO:unrelated
IT-C14-omv_ce,omv_ce,C14,Ordine dei Medici Veterinari della Provincia di Caserta,ordineveterinaricaserta.it,libero.it,1,libero.it=NO:unrelated
IT-C14-omvna,omvna,C14,Ordine Dei Medici Veterinari della Provincia di Napoli,ordineveterinarinapoli.it,gmail.com,1,gmail.com=NO:unrelated
IT-C14-opapp_02,opapp_02,C14,Ordine Provinciale Architetti Pianificatori Paesaggisti e Conservatori di Rovigo,ordinearchitetti.ro.it,archiworld.it,1,archiworld.it=NO:unrelated
IT-C14-opdd_081,opdd_081,C14,Ordine Provinciale Dei Dottori Agronomi e Dei Dottori Forestali di Trapani,agronomiforestalitp.it,conaf.it,1,conaf.it=NO:unrelated
IT-C14-opmv_093,opmv_093,C14,Ordine Provinciale dei Medici Veterinari di Pordenone,ordineveterinaripordenone.org,gmail.com,1,gmail.com=NO:unrelated
IT-C3-afrstas,afrstas,C3,Agenzia Forestale Regionale per Lo Sviluppo del Territorio e dell'Ambiente della Sardegna,sardegnaforeste.it,forestas.it,1,forestas.it=NO:unrelated
IT-C3-anlpa,anlpa,C3,Agenzia Nazionale per Le Politiche Attive del Lavoro,anpal.gov.it,pec.anpal.gov.it,1,pec.anpal.gov.it=OK:subdomain_or_parent
IT-C3-cslri,cslri,C3,Commissario Straordinario per La Realizzazione dell'Intervento Schema Idrico Basento - Bradano Tronco di Acerenza - Distribuzione Iii Lotto,schemaidricobasentobradanotroncodiacerenza.it,gmail.com;alice.it,2,gmail.com=NO:unrelated | alice.it=NO:unrelated
IT-C5-gnddp,gnddp,C5,Garante nazionale dei diritti delle persone private della liberta' personale,garantenazionaleprivatiliberta.it,garantenpl.it,1,garantenpl.it=NO:unrelated
IT-C7-eaipa,eaipa,C7,Ente di Assistenza per Il Personale dell'Ammnistrazione Penitenziaria,enteassistenza.it,giustizia.it,1,giustizia.it=NO:unrelated
IT-COM-001113,c_d983,L6,Comune di Germagnano,comune.germagnano.to.it,municipiodigermagnano.it,1,municipiodigermagnano.it=NO:unrelated
IT-COM-001137,c_e683,L6,Comune di Loranze',comuneloranze.to.it,reteunitaria.piemonte.it,1,reteunitaria.piemonte.it=NO:unrelated
IT-COM-001262,c_i539,L6,Comune di Sciolze,comune.sciolze.to.it,comunedisciolze.it,1,comunedisciolze.it=NO:unrelated
IT-COM-004121,c_e988,L6,Comune di Martiniana Po,comune.martinianapo.cn.it,martiniana.po.it,1,martiniana.po.it=NO:unrelated
IT-COM-004212,c_i316,L6,Comune di Santa Vittoria d' Alba,comune.santavittoriadalba.cn.it,comunedisantavittoriadalba.it,1,comunedisantavittoriadalba.it=NO:unrelated
IT-COM-006028,c_b629,L6,Comune di Cantalupo Ligure,comune.cantalupoligure.al.it,libero.it;gmail.com,2,libero.it=NO:unrelated | gmail.com=NO:unrelated
IT-COM-006047,c_c148,L6,Comune di Castellazzo Bormida,comune.castellazzobormida.al.it,comunecastellazzobormida.it,1,comunecastellazzobormida.it=NO:unrelated
IT-COM-009015,cb369,L6,Comune di Cairo Montenotte,comune.cairomontenotte.sv.it,comunecairo.it,1,comunecairo.it=NO:unrelated
IT-COM-009033,c_e414,L6,Comune di Laigueglia,comunelaigueglia.net,comune.laigueglia.sv.it,1,comune.laigueglia.sv.it=NO:unrelated
IT-COM-011028,C_E070,L6,Comune di Sesta Godano,comunesestagodano.sp.it,comune.sestagodano.sp.it,1,comune.sestagodano.sp.it=NO:unrelated
IT-COM-012099,c_f002,L6,Comune di Marzio,comunemarzio.it,comune.marzio.va.it,1,comune.marzio.va.it=NO:unrelated
IT-COM-013040,c_b513,L6,Comune di Campione d'Italia,comune.campione-d-italia.co.it,comunecampione.ch,1,comunecampione.ch=NO:unrelated
IT-COM-018156,c_l250,L6,Comune di Torre Beretti e Castellaro,comune.torreberettiecastellaro.pv.it,libero.it,1,libero.it=NO:unrelated
IT-COM-022040,c_b697,L6,Comune di Capriana,comune.capriana.tn.it,comunecapriana.com,1,comunecapriana.com=NO:unrelated
IT-COM-022050,c_c372,L6,Comune di Cavalese,comune.cavalese.tn.it,comunecavalese.it,1,comunecavalese.it=NO:unrelated
IT-COM-022157,c_h532,L6,Comune di Ronchi Valsugana,comune.ronchi.tn.it,comune.ronchivalsugana.tn.it,1,comune.ronchivalsugana.tn.it=NO:unrelated
IT-COM-022199,c_l174,L6,Comune di Tione di Trento,comune.tioneditrento.tn.it,comunetioneditrento.it,1,comunetioneditrento.it=NO:unrelated
IT-COM-022244,c_m358,L6,Comune di Porte di Rendena,comune.portedirendena.tn.it,comuneportedirendena.tn.it,1,comuneportedirendena.tn.it=NO:unrelated
IT-COM-022245,c_m359,L6,Comune di Primiero San Martino di Castrozza,comune.primierosanmartinodicastrozza.tn.it,comuneprimiero.tn.it,1,comuneprimiero.tn.it=NO:unrelated
IT-COM-023035,c_d818,L6,Comune di Fumane,comune.fumane.vr.it,comunedifumane.it,1,comunedifumane.it=NO:unrelated
IT-COM-023056,c_g297,L6,Comune di Palu',comune.palu.vr.it,comunepalu.it,1,comunepalu.it=NO:unrelated
IT-COM-023073,c_i003,L6,Comune di San Martino Buon Albergo,comune.sanmartinobuonalbergo.vr.it,comunesanmartinobuonalbergo.it,1,comunesanmartinobuonalbergo.it=NO:unrelated
IT-COM-025018,c_d330,L6,Comune di Domegge di Cadore,comune.domeggedicadore.bl.it,cmcs.it,1,cmcs.it=NO:unrelated
IT-COM-025046,c_i063,L6,Comune di San Nicolo' di Comelico,sannicolo.bl.it,cmcs.it,1,cmcs.it=NO:unrelated
IT-COM-026075,c_i221,L6,Comune di Santa Lucia di Piave,comune.santaluciadipiave.tv.it,comunesantalucia.it,1,comunesantalucia.it=NO:unrelated
IT-COM-027044,c_m308,L6,Comune di Cavallino-Treporti,comune.cavallinotreporti.ve.it,comunecavallinotreporti.it,1,comunecavallinotreporti.it=NO:unrelated
IT-COM-028082,c_i275,L6,Comune di Sant'Angelo di Piove di Sacco,santangelopiove.net,comune.santangelodipiovedisacco.pd.it,1,comune.santangelodipiovedisacco.pd.it=NO:unrelated
IT-COM-028087,c_i799,L6,Comune di Solesino,comune.solesino.pd.it,comunesolesino.it,1,comunesolesino.it=NO:unrelated
IT-COM-033036,c_g842,L6,Comune di Ponte dell'Olio,comune.pontedellolio.pc.it,comune-pontedellolio.it,1,comune-pontedellolio.it=NO:unrelated
IT-COM-051041,c_i9526,L6,Comune di Pratovecchio Stia,comune.pratovecchiostia.ar.it,casentino.toscana.it;gmail.com,2,casentino.toscana.it=NO:unrelated | gmail.com=NO:unrelated
IT-COM-056017,c_c269,L6,Comune di Castel Sant'Elia,comune.castelsantelia.vt.it,comunecastelsantelia.it,1,comunecastelsantelia.it=NO:unrelated
IT-COM-057017,c_c749,L6,Comune di Cittareale,comune.cittareale.ri.it,comunecittareale.ri.it,1,comunecittareale.ri.it=NO:unrelated
IT-COM-057026,c_d124,L6,Comune di Cottanello,comune.cottanello.it,tiscali.it,1,tiscali.it=NO:unrelated
IT-COM-058010,c_a446,L6,Comune di Arsoli,comune.arsoli.rm.it,libero.it,1,libero.it=NO:unrelated
IT-COM-058037,c_D586,L6,Comune di Filacciano,comunefilaccianorm.it,comune.filacciano.rm.it,1,comune.filacciano.rm.it=NO:unrelated
IT-COM-058055,c_e908,L6,Comune di Marano Equo,comune.maranoequo.rm.it,comunemaranoequo.it,1,comunemaranoequo.it=NO:unrelated
IT-COM-058070,c_f865,L6,Comune di Nemi,comune.nemi.rm.it,comunedinemi.rm.it,1,comunedinemi.rm.it=NO:unrelated
IT-COM-058076,c_g444,L6,Comune di Percile,comunepercile.it,percilecomune.it,1,percilecomune.it=NO:unrelated
IT-COM-058093,c_h658,L6,Comune di Sacrofano,comune.sacrofano.rm.it,comunedisacrofano.it,1,comunedisacrofano.it=NO:unrelated
IT-COM-058103,c_i992,L6,Comune di Subiaco,comune.subiaco.rm.it,comunesubiaco.com,1,comunesubiaco.com=NO:unrelated
IT-COM-058109,c_l625,L6,Comune di Vallinfreda,comune.vallinfreda.rm.it,comunevallinfreda.rm.it,1,comunevallinfreda.rm.it=NO:unrelated
IT-COM-059013,c_e798,L6,Comune di Maenza,comune.maenza.latina.it,comunedimaenza.it;libero.it,2,comunedimaenza.it=NO:unrelated | libero.it=NO:unrelated
IT-COM-059023,c_h444,L6,Comune di Roccasecca Dei Volsci,comune.roccaseccadeivolsci.lt.it,gmail.com,1,gmail.com=NO:unrelated
IT-COM-060032,c_d483,L6,Comune di Falvaterra,falvaterra.workmm.com,libero.it,1,libero.it=NO:unrelated
IT-COM-060076,c_l009,L6,Comune di Supino,comunesupino.it,comune.supino.fr.it,1,comune.supino.fr.it=NO:unrelated
IT-COM-061017,C_B781,L6,Comune di Carinola,municipiodicarinola.it,comune.carinola.ce.it,1,comune.carinola.ce.it=NO:unrelated
IT-COM-063019,c_b924,L6,Comune di Casamicciola Terme,comune.casamicciolaterme.na.it,comunecasamicciola.it,1,comunecasamicciola.it=NO:unrelated
IT-COM-064120,c_m203,L6,Comune di Zungoli,comune.zungoli.av.it,comunezungoli.it,1,comunezungoli.it=NO:unrelated
IT-COM-065084,c_g063,L6,Comune di Omignano,comune.omignano.sa.it,virgilio.it;comuneomignano.it,2,virgilio.it=NO:unrelated | comuneomignano.it=NO:unrelated
IT-COM-066009,c_a667,L6,Comune di Barisciano,comunebarisciano.it,comune.barisciano.aq.it,1,comune.barisciano.aq.it=NO:unrelated
IT-COM-066015,c_b526,L6,Comune di Campo di Giove,comune.campodigiove.aq.it,comunecampodigiove.it,1,comunecampodigiove.it=NO:unrelated
IT-COM-066031,c_c279,L6,Comune di Castelvecchio Subequo,castelvecchio-subequo.it,katamail.com,1,katamail.com=NO:unrelated
IT-COM-066044,c_d736,L6,Comune di Fossa,comunedifossa.it,tin.it,1,tin.it=NO:unrelated
IT-COM-066097,c_i558,L6,Comune di Secinaro,secinaro.comnet-ra.it,comunesecinaro.it,1,comunesecinaro.it=NO:unrelated
IT-COM-067023,c_d179,L6,Comune di Crognaleto,comune.crognaleto.te.it,comunedicrognaleto.it,1,comunedicrognaleto.it=NO:unrelated
IT-COM-068031,c_g589,L6,Comune di Picciano,comunepicciano.pe.it,comune.picciano.pe.it,1,comune.picciano.pe.it=NO:unrelated
IT-COM-069029,c_d315,L6,Comune di Dogliola,dogliola.it,gmail.com,1,gmail.com=NO:unrelated
IT-COM-069036,c_d796,L6,Comune di Fresagrandinaria,comunefresagrandinaria.it,tiscali.it,1,tiscali.it=NO:unrelated
IT-COM-069066,c_g724,L6,Comune di Pizzoferrato,comunepizzoferrato.it,gmail.com,1,gmail.com=NO:unrelated
IT-COM-069072,c_h320,L6,Comune di Ripa Teatina,comuneripateatina.gov.it,comune.ripateatina.ch.it,1,comune.ripateatina.ch.it=NO:unrelated
IT-COM-070004,c_a971,L6,Comune di Bonefro,egov.hseweb.it,tiscali.it;tin.it,2,tiscali.it=NO:unrelated | tin.it=NO:unrelated
IT-COM-070054,c_g610,L6,Comune di Pietracupa,comune.pietracupa.cb.it,comunedipietracupa.it,1,comunedipietracupa.it=NO:unrelated
IT-COM-075075,c_i780,L6,Comune di Sogliano Cavour,comunedisoglianocavour.gov.it,comune.soglianocavour.le.it,1,comune.soglianocavour.le.it=NO:unrelated
IT-COM-076051,c_f568,L6,Comune di Montemilone,comunemontemilone.it,tiscali.it;comune.montemilone.pz.it,2,tiscali.it=NO:unrelated | comune.montemilone.pz.it=NO:unrelated
IT-COM-077006,c_c888,L6,Comune di Colobraro,colobraro.gov.it,rete.basilicata.it,1,rete.basilicata.it=NO:unrelated
IT-COM-079110,c_h976,L6,Comune di San Mango D'Aquino,comune.sanmangodaquino.cz.it,comunedisanmangodaquino.it,1,comunedisanmangodaquino.it=NO:unrelated
IT-COM-081018,c_h700,L6,Comune di Salemi,comune.salemi.trapani.it,cittadisalemi.it,1,cittadisalemi.it=NO:unrelated
IT-COM-086014,c_g580,L6,Comune di Piazza Armerina,comune.piazzaarmerina.en.it,comunepiazzaarmerina.it,1,comunepiazzaarmerina.it=NO:unrelated
IT-COM-091037,c_e441,L6,Comune di Lanusei,comune.lanusei.og.it,comunedilanusei.it,1,comunedilanusei.it=NO:unrelated
IT-COM-091042,c_e700,L6,Comune di Lotzorai,comune.lotzorai.nu.it,tiscali.it,1,tiscali.it=NO:unrelated
IT-COM-091077,c_i448,L6,Comune di Sarule,comune.sarule.nu.it,comunesarule.nu.it,1,comunesarule.nu.it=NO:unrelated
IT-COM-091089,c_l140,L6,Comune di Tertenia,comune.tertenia.nu.it,comunetertenia.it,1,comunetertenia.it=NO:unrelated
IT-COM-091097,c_l423,L6,Comune di Triei,comune.triei.nu.it,comunetriei.it,1,comunetriei.it=NO:unrelated
IT-COM-094007,c_b810,L6,Comune di Carovilli,comunecarovilli.is.it,carovilli.info,1,carovilli.info=NO:unrelated
IT-COM-094035,c_g606,L6,Comune di Pietrabbondante,comunepietrabbondante.is.it,pietrabbondante.com,1,pietrabbondante.com=NO:unrelated
IT-COM-095025,c_e972,L6,Comune di Marrubiu,comune.marrubiu.or.it,comunemarrubiu.it,1,comunemarrubiu.it=NO:unrelated
IT-COM-096005,c_a876,L6,Comune di Bioglio,comune.bioglio.bi.it,ptb.provincia.biella.it,1,ptb.provincia.biella.it=NO:unrelated
IT-COM-096006,c_b058,L6,Comune di Borriana,comune.borriana.bi.it,comuneborriana.info,1,comuneborriana.info=NO:unrelated
IT-COM-096021,c_d165,L6,Comune di Crevacuore,comune.crevacuore.bi.it,ptb.provincia.biella.it,1,ptb.provincia.biella.it=NO:unrelated
IT-COM-096031,c_f037,L6,Comune di Massazza,comune.massazza.bi.it,ptb.provincia.biella.it,1,ptb.provincia.biella.it=NO:unrelated
IT-COM-096054,c_h553,L6,Comune di Roppolo,comune.roppolo.bi.it,ptb.provincia.biella.it,1,ptb.provincia.biella.it=NO:unrelated
IT-COM-096064,c_i868,L6,Comune di Sostegno,comune.sostegno.bi.it,ptb.provincia.biella.it,1,ptb.provincia.biella.it=NO:unrelated
IT-COM-096066,c_l075,L6,Comune di Tavigliano,comune.tavigliano.bi.it,ptb.provincia.biella.it,1,ptb.provincia.biella.it=NO:unrelated
IT-COM-102030,c_h271,L6,Comune di Ricadi,comunericadi.gov.it,comune.ricadi.vv.it,1,comune.ricadi.vv.it=NO:unrelated
IT-COM-102033,c_h807,L6,Comune di San Costantino Calabro,comune.sancostantino.vv.it,libero.it,1,libero.it=NO:unrelated
IT-COM-109008,c_e208,L6,Comune di Grottazzolina,comune.grottazzolina.ap.it,comune-grottazzolina.it,1,comune-grottazzolina.it=NO:unrelated
IT-COM-109009,c_e447,L6,Comune di Lapedona,comune.lapedona.fm.it,ucvaldaso.it,1,ucvaldaso.it=NO:unrelated
IT-COM-111001,c_a359,L6,Comune di Arbus,comune.arbus.su.it,comunearbus.it,1,comunearbus.it=NO:unrelated
IT-COM-111005,c_a681,L6,Comune di Barumini,comunebarumini.it,comune.barumini.ca.it,1,comune.barumini.ca.it=NO:unrelated
IT-CONS-caidp,caidp,L6,Consorzio Acquedotto Intercomunale del Peschiera,farainsabina.gov.it,gmail.com,1,gmail.com=NO:unrelated
IT-CONS-cbsap,cbsap,L6,Consorzio Bassa Sabina Acqua Peschiera,consorzioacquapeschiera.it,pec.consorzioacquapeschiera.it,1,pec.consorzioacquapeschiera.it=OK:subdomain_or_parent
IT-CONS-cccfgnf,cccfgnf,L6,Consorzio Cimiteriale Fra I Comuni di Frattamaggiore Grumo Nevano e Frattaminore,consorziocimiterialefrattamaggiore.it,libero.it,1,libero.it=NO:unrelated
IT-CONS-cdssac,cdssac,L6,Consorzio dei Servizi Socio Assistenziali del Chierese,servizisocialichieri.it,cssac.it,1,cssac.it=NO:unrelated
IT-CONS-co_cmpd,co_cmpd,L6,Consorzio Polizia Municipale Padova Ovest,consorzio-polizia-municipale-padova-ovest.it,consorziopadovaovest.it,1,consorziopadovaovest.it=NO:unrelated
IT-CONS-cpso,cpso,L6,Consorzio Progetto Solidarieta',consorzioprogettosolidarieta.it,coprosol.it,1,coprosol.it=NO:unrelated
IT-CONS-updi,updi,L5,Unione Province D'Italia,provinceditalia.it,upinet.it,1,upinet.it=NO:unrelated
IT-L1-amp_021,amp_021,L1,Azienda Musei Provinciali di Bolzano,azienda-musei.provincia.bz.it,museiprovinciali.it,1,museiprovinciali.it=NO:unrelated
IT-L1-asbucdo,asbucdo,L1,Amministrazione Separata Beni Uso Civico Dobbiaco,comunedobbiaco.bz.it,rolmail.net,1,rolmail.net=NO:unrelated
IT-L1-asbucter,asbucter,L1,Amministrazione Separata Beni Usi Civici di Termon,asuctermon.altervista.org,virgilio.it,1,virgilio.it=NO:unrelated
IT-L1-asbucvt,asbucvt,L1,Amministrazione Separata Beni Usi Civici di Grotte Santo Stefano,cloud.urbi.it,virgilio.it,1,virgilio.it=NO:unrelated
IT-L1-asde,asde,L1,Agenzia Sarda Delle Entrate,agenziasardaentrate.it,regione.sardegna.it,1,regione.sardegna.it=NO:pa_shared_platform_out_of_scope:regione.sardegna.it
IT-L1-cavriago,cavriago,L1,Cavriagoservizi,cavriagoservizi.it,comune.cavriago.re.it,1,comune.cavriago.re.it=NO:unrelated
IT-L1-cdeop,cdeop,L1,Commissario Delegato Ex O.P.C.M. N.3858 del 12.03.2010,sites.google.com,gmail.com,1,gmail.com=NO:unrelated
IT-L1-cdetm,cdetm,L1,Commissario Delegato Emergenza Traffico e Mobilita' Province di Tv e Vi,commissariopedemontana.it,pec.commissariopedemontana.it,1,pec.commissariopedemontana.it=OK:subdomain_or_parent
IT-L1-cgri_083,cgri_083,L1,Consorzio di Gestione e Ripopolamento Ittico della Fascia Costiera Eoliana,consitticopatti.it,regione.sicilia.it;gmail.com;tiscali.it,3,regione.sicilia.it=NO:pa_shared_platform_out_of_scope:regione.sicilia.it | gmail.com=NO:unrelated | tiscali.it=NO:unrelated
IT-L1-cslpad,cslpad,L1,Commissario Straordinario per La Progettazione Affidamento e La Realizzazione Dei Lavori Relativi al Nuovo Depuratore Nell Agglomerato di Mondragone,commissariostraordinariodepuratori.it,pec.commissariostraordinariodepuratori.it,1,pec.commissariostraordinariodepuratori.it=OK:subdomain_or_parent
IT-L1-cslpl,cslpl,L1,Commissario Straordinario per La Progettazione L Affidamento e La Realizzazione Dei Lavori di Adeguamento del Depuratori di Napoli Est,commissariostraordinariodepuratori.it,pec.commissariostraordinariodepuratori.it,1,pec.commissariostraordinariodepuratori.it=OK:subdomain_or_parent
IT-L1-eslpi,eslpi,L1,Ente Siciliano per La Promozione Industriale in Liquidazione,espi-ems.it,tiscali.it,1,tiscali.it=NO:unrelated
IT-L1-icm_rg9v,icm_rg9v,L1,Istituto Culturale Mocheno,bersntol.it,kib.it,1,kib.it=NO:unrelated
IT-L1-icms_,icms_,L1,Istituzione Comunale Marsala Schola,marsalaschola.it,comune.marsala.tp.it,1,comune.marsala.tp.it=NO:unrelated
IT-L1-scpli,scpli,L1,Scuola Comunale Professionale a . Lattes - Istituzione del Comune di Cuneo,scuolalattes.it,pec.scuolalattes.it,1,pec.scuolalattes.it=OK:subdomain_or_parent
IT-L1-sppacrm,sppacrm,L1,Scuola Professionale Provinciale Alberghiera Cesare Ritz di Merano,ritz.fpbz.it,scuola.alto-adige.it,1,scuola.alto-adige.it=NO:pa_shared_platform_out_of_scope:scuola.alto-adige.it
IT-L1-sppaea,sppaea,L1,Centro di formazione professionale Emma Hellenstainer gastronomia e culinaria Bressanone,hellenstainer.berufsschule.it,schule.suedtirol.it,1,schule.suedtirol.it=NO:pa_shared_platform_out_of_scope:schule.suedtirol.it
IT-L1-sppasm,sppasm,L1,Scuola Professionale Provinciale Alberghiera Savoy Merano,savoy.berufsschule.it,schule.suedtirol.it,1,schule.suedtirol.it=NO:pa_shared_platform_out_of_scope:schule.suedtirol.it
IT-L1-spps,spps,L1,Centro di formazione professionale Silandro - Berufsbildungszentrum Schlanders,schlanders.berufsbildungszentrum.it,schule.suedtirol.it,1,schule.suedtirol.it=NO:pa_shared_platform_out_of_scope:schule.suedtirol.it
IT-L1-uamt,uamt,L1,Universita Agraria di Mugnano in Teverina,pec.agrariamugnano.net,gmail.com,1,gmail.com=NO:unrelated
IT-L1-ucslpro,ucslpro,L1,Ufficio del Commissario Straordinario per La Progettazione Affidamento e Realizzazione Dei Lavori Relativi alla Depurazione Delle Acque Reflue Nei Comuni di Crotone Castrovillari Montebello Ionico Pizzo Ionadi,depurazionecalabria.it,pec.depurazionecalabria.it,1,pec.depurazionecalabria.it=OK:subdomain_or_parent
IT-L10-EPTI,EPTI,L10,Ente Provinciale per il Turismo di Isernia,moliseturismo.eu,molisedati.it,1,molisedati.it=NO:unrelated
IT-L10-epitc,epitc,L10,Ente Provinciale per Il Turismo di Campobasso,eptmolise.it,molisedati.it,1,molisedati.it=NO:unrelated
IT-L11-APTri,APTri,L11,Autorita' di Sistema Portuale del Mar Adriatico Orientale,adspmao.it,porto.trieste.it,1,porto.trieste.it=NO:unrelated
IT-L12-CMAMSZ,CMAMSZ,L12,Comunita' Montana Aventino Medio Sangro Zona Q,aventino-mediosangro.com,tiscalinet.it,1,tiscalinet.it=NO:unrelated
IT-L12-CMCVB,CMCVB,L12,Comunita' Montana Cigno Valle Biferno,montanacigno.com,tin.it,1,tin.it=NO:unrelated
IT-L12-cadip,cadip,L12,Comunita' dell'Arcipelago Delle Isole Ponziane,arcipelagoponziano.it,gmail.com,1,gmail.com=NO:unrelated
IT-L12-cc_bress,cc_bress,L12,Comunita' Comprensoriale Valle Isarco,bzgeisacktal.it,bzgeis.org,1,bzgeis.org=NO:unrelated
IT-L12-cm_monmau,cm_monmau,L12,Comunita' Montana Trigno Monte Mauro,comunitamontanamontemauro.it,virgilio.it,1,virgilio.it=NO:unrelated
IT-L12-cm_vgsp,cm_vgsp,L12,Comunita' Montana Valli Genovesi Scrivia e Polcevera,cmvalligenovesi.it,regione.liguria.it,1,regione.liguria.it=NO:pa_shared_platform_out_of_scope:regione.liguria.it
IT-L12-cm_voltu,cm_voltu,L12,Comunita' Montana Volturno,comunitamontanavolturno.net,gmail.com,1,gmail.com=NO:unrelated
IT-L12-cmasa,cmasa,L12,Comunita' Montana Alto Sangro e Altopiano Delle Cinquemiglia,comunitamontanaaltosangro.it,pec.comunitamontanaaltosangro.it,1,pec.comunitamontanaaltosangro.it=OK:subdomain_or_parent
IT-L12-cmdl,cmdl,L12,Comunita' Montana della Laga,cmlaga.gov.it,virgilio.it,1,virgilio.it=NO:unrelated
IT-L12-cmp_aq,cmp_aq,L12,Comunita Montana Peligna,comunitamontanapeligna.it,peligna.it,1,peligna.it=NO:unrelated
IT-L12-cms_078,cms_078,L12,Comunita Montana Silana,comunitamontanasilana.it,pec.comunitamontanasilana.it,1,pec.comunitamontanasilana.it=OK:subdomain_or_parent
IT-L12-cmsal_rc,cmsal_rc,L12,COMUNITA MONTANA STILARO ALLARO LIMINA,stilaroallarolimina.it,yahoo.com,1,yahoo.com=NO:unrelated
IT-L15-cidsc_mi,cidsc_mi,L15,C.I.Di.S. Consorzio Pubblico Interuniversitario per Il Diritto allo Studio Universitario,consorziocidis.it,pec.consorziocidis.it,1,pec.consorziocidis.it=OK:subdomain_or_parent
IT-L16-tcbdf,tcbdf,L16,Teatro Comunale di Bologna Fondazione,tcbo.it,comunalebologna.it,1,comunalebologna.it=NO:unrelated
IT-L18-HS18CSGA,HS18CSGA,L18,"UNIONE DEI COMUNI ""GELA BUTERA NISCEMI""",unionefuagela.it,comune.gela.cl.it,1,comune.gela.cl.it=NO:unrelated
IT-L18-c_d629U,c_d629U,L18,Unione di Comuni Montana Lunigiana,unionedicomunimontanalunigiana.it,ucml.it,1,ucml.it=NO:unrelated
IT-L18-c_i328wp,c_i328wp,L18,Unione Comuni Vette Dei Nebrodi,vettedeinebrodi.it,pec.vettedeinebrodi.it;tiscali.it,2,pec.vettedeinebrodi.it=OK:subdomain_or_parent | tiscali.it=NO:unrelated
IT-L18-u_075,u_075,L18,Unione dei Comuni Union3,union3.gov.it,unionedicomuniunion3.le.it,1,unionedicomuniunion3.le.it=NO:unrelated
IT-L18-uccrta,uccrta,L18,Unione di Comunita' Collinare Roero Tartufo Ed Arneis,unionecollinareroero.it,ruparpiemonte.it,1,ruparpiemonte.it=NO:pa_shared_platform_out_of_scope:ruparpiemonte.it
IT-L18-uco,uco,L18,Unione della Costa Orientale,comunicostaorientale.it,gmail.com;comune.santacesareaterme.le.it,2,gmail.com=NO:unrelated | comune.santacesareaterme.le.it=NO:unrelated
IT-L18-ucvda,ucvda,L18,Unione Comuni della Val D'Aia,cms.tp-srl.it,libero.it,1,libero.it=NO:unrelated
IT-L18-ucvp,ucvp,L18,Unione di Comuni Valle del Patri,unionevalledelpatri.it,castroreale.it,1,castroreale.it=NO:unrelated
IT-L18-ucvt,ucvt,L18,Unione Comuni Valle del Tirreno,unionecomunivalledeltirreno.gov.it,gmail.com,1,gmail.com=NO:unrelated
IT-L18-udc_061,udc_061,L18,Unione Dei Comuni Area Caserta Sud-ovest,unionecso.gov.it,pec.unionecso.gov.it,1,pec.unionecso.gov.it=OK:subdomain_or_parent
IT-L18-udcb,udcb,L18,Unione Dei Comuni Besa,unibesa.it,gmail.com,1,gmail.com=NO:unrelated
IT-L18-udcbvafp,udcbvafp,L18,Unione Dei Comuni Bassa Val D'Arda Fiume Po,unionebassavaldardafiumepo.it,sintranet.it,1,sintranet.it=NO:unrelated
IT-L18-udccm,udccm,L18,Unione Dei Comuni di Crispiano Massafra Statte,unionedeicomuni.gov.it,comunedimassafra.it,1,comunedimassafra.it=NO:unrelated
IT-L18-udccnt,udccnt,L18,Unione Dei Comuni Comprensorio di Naxos e Taormina,unionecomuninaxostaormina.it,comune.giardini-naxos.me.it,1,comune.giardini-naxos.me.it=NO:unrelated
IT-L18-udccromo,udccromo,L18,Unione Dei Comuni Castelli Tra Roero e Monferrato,unionecastelliroeromonferrato.it,gmail.com,1,gmail.com=NO:unrelated
IT-L18-udcdt,udcdt,L18,Unione Dei Comuni della Teverina,unionecomuniteverina.it,comunebagnoregio.it,1,comunebagnoregio.it=NO:unrelated
IT-L18-udcer_0,udcer_0,L18,Unione Dei Comuni dall'Eleuterio a Rocca Busambra,eleuterio-roccabusambra.it,comune.marineo.pa.it,1,comune.marineo.pa.it=NO:unrelated
IT-L18-udcfle,udcfle,L18,Unione Dei Comuni di Francofonte e Licodie Eubea,unioneterredelleacque.it,pec.unioneterredelleacque.it;gmail.com,2,pec.unioneterredelleacque.it=OK:subdomain_or_parent | gmail.com=NO:unrelated
IT-L18-udcist,udcist,L18,Unione Dei Comuni dell'Istmo,unioneistmo.it,pec.unioneistmo.it,1,pec.unioneistmo.it=OK:subdomain_or_parent
IT-L18-udclq_,udclq_,L18,Unione Dei Comuni Le Quattro Terre,unionequattroterre.it,alice.it,1,alice.it=NO:unrelated
IT-L18-udcmavt,udcmavt,L18,Unione Dei Comuni Montani dell'Alta Val Trebbia,pec.unionealtavaltrebbia.ge.it,unionealtavaltrebbia.ge.it,1,unionealtavaltrebbia.ge.it=OK:subdomain_or_parent
IT-L18-udcp,udcp,L18,Unione Dei Comuni Pentri,unionedeicomunipentri.it,gmail.it,1,gmail.it=NO:unrelated
IT-L18-udctc,udctc,L18,Unione Dei Comuni Terre di Collina,95.110.168.247,comune.serradifalco.cl.it,1,comune.serradifalco.cl.it=NO:unrelated
IT-L18-udctl_le,udctl_le,L18,Unione Dei Comuni Terra di Leuca,unioneterradileuca.it,gmail.com,1,gmail.com=NO:unrelated
IT-L18-udctv,udctv,L18,Unione dei Comuni del Calatino,servizi.unionedeicomunidelcalatino.it,gmail.com,1,gmail.com=NO:unrelated
IT-L18-udcv,udcv,L18,Unione Dei Comuni della Valle dell'Olio,www3.unionecomunivalleolio.it,tiscali.it;unionecomunivalleolio.it,2,tiscali.it=NO:unrelated | unionecomunivalleolio.it=OK:subdomain_or_parent
IT-L18-udcv_070,udcv_070,L18,Unione Dei Comuni della Valle del Tammaro,unionevalledeltammaro.gov.it,valledeltammaro.gov.it,1,valledeltammaro.gov.it=NO:unrelated
IT-L18-udcv_083,udcv_083,L18,Unione Dei Comuni Valli Dei Nebrodi,unionevallideinebrodi.it,pec.unionevallideinebrodi.it,1,pec.unionevallideinebrodi.it=OK:subdomain_or_parent
IT-L18-udcvs_,udcvs_,L18,Unione Dei Comuni Valle del Sosio,unionevalledelsososio.it,alice.it,1,alice.it=NO:unrelated
IT-L18-udne,udne,L18,Unione Dei Nebrodi,unionedeinebrodi.it,pec.unionedeinebrodi.it,1,pec.unionedeinebrodi.it=OK:subdomain_or_parent
IT-L18-umcn,umcn,L18,Unione Montana del Catria e Nerone,unione.catrianerone.pu.it,provincia.ps.it,1,provincia.ps.it=NO:unrelated
IT-L18-umtv,umtv,L18,Unione Montana del Tronto e Valfluvione,unione.trontovalfluvione.it,umtronto.it,1,umtronto.it=NO:unrelated
IT-L18-upm_082,upm_082,L18,Unione dei comuni Pizzo Marabito,marabito.comune.mezzojuso.pa.it,virgilio.it,1,virgilio.it=NO:unrelated
IT-L18-uva,uva,L18,Unione Valli Astigiane,unionevalliastigiane.comuninrete.at.it,gmail.com,1,gmail.com=NO:unrelated
IT-L2-arcdc_sa,arcdc_sa,L2,Agenzia Regionale Conservatoria Delle Coste della Sardegna,sardegnaambiente.it,regione.sardegna.it,1,regione.sardegna.it=NO:pa_shared_platform_out_of_scope:regione.sardegna.it
IT-L2-arpas_ca,arpas_ca,L2,Agenzia Regionale per la Protezione dell'Ambiente della Sardegna,sardegnaambiente.it,arpa.sardegna.it,1,arpa.sardegna.it=NO:unrelated
IT-L2-serspa,serspa,L2,Sicilia e Ricerca S.P.A.,siciliaericerca.it,gmail.com,1,gmail.com=NO:unrelated
IT-L24-cdcbiim,cdcbiim,L24,Consorzio Dei Comuni del Bacino Imbrifero Montano del Piave dell'Alta Valcellina,bimpiave.regione.fvg.it,comune.cimolais.pn.it,1,comune.cimolais.pn.it=NO:unrelated
IT-L24-cvs,cvs,L24,Consiglio di Valle Sabbia,consorziobim.etrasparenza2.it,bimcvs.it,1,bimcvs.it=NO:unrelated
IT-L28-ccars,ccars,L28,Consorzio C.A.R.S.O.,carsoconsortium.it,uniba.it,1,uniba.it=NO:unrelated
IT-L28-inn,inn,L28,Istituto Nazionale di Neuroscienze,ist-nazionale-neuroscienze.unito.it,gmail.com,1,gmail.com=NO:unrelated
IT-L33-EEYO9QFD,EEYO9QFD,L33,Centro Regionale Istruzione Adulti,cria.edu.it,regione.vda.it,1,regione.vda.it=NO:pa_shared_platform_out_of_scope:regione.vda.it
IT-L33-ICBO,ICBO,L33,Istituto Comprensivo Bolzano 4 - Oltrisarco,icbz4.edu.it,scuola.alto-adige.it,1,scuola.alto-adige.it=NO:pa_shared_platform_out_of_scope:scuola.alto-adige.it
IT-L33-ITECB,ITECB,L33,Istituto di Istruzione Secondaria di II Grado Cesare Battisti,iisscesarebattisti.edu.it,scuola.alto-adige.it,1,scuola.alto-adige.it=NO:pa_shared_platform_out_of_scope:scuola.alto-adige.it
IT-L33-LAR,LAR,L33,Liceo Antonio Rosmini Trento,liceorosmini.edu.it,scuole.provincia.tn.it,1,scuole.provincia.tn.it=NO:unrelated
IT-L33-css_001,css_001,L33,Convitto Statale per Sordomuti,convittosordi.com,libero.it,1,libero.it=NO:unrelated
IT-L33-gkic_ud,gkic_ud,L33,Grundschulsprengel Klausen II Circolo di Scuola Elementare Chiusa II,gsd.klausen2.it,schule.suedtirol.it,1,schule.suedtirol.it=NO:pa_shared_platform_out_of_scope:schule.suedtirol.it
IT-L33-icbcs_bz,icbcs_bz,L33,Istituto Comprensivo Bolzano 1 Centro Storico,icbz1.edu.it,scuola.alto-adige.it,1,scuola.alto-adige.it=NO:pa_shared_platform_out_of_scope:scuola.alto-adige.it
IT-L33-icspm_tn,icspm_tn,L33,Istituto Comprensivo Mezzolombardo-Paganella,icmezzolombardopaganella.edu.it,scuole.provincia.tn.it,1,scuole.provincia.tn.it=NO:unrelated
IT-L33-icspstn5,icspstn5,L33,"Istituto Comprensivo di Scuola Primaria e Secondaria di Primo Grado Rovereto - Sud Via Benacense, 32",istituti.vivoscuola.it,scuole.provincia.tn.it,1,scuole.provincia.tn.it=NO:unrelated
IT-L33-icsvm_bz,icsvm_bz,L33,Istituto Comprensivo San Vigilio di Marebbe,direziunalplan.it,scuola.alto-adige.it,1,scuola.alto-adige.it=NO:pa_shared_platform_out_of_scope:scuola.alto-adige.it
IT-L33-iiad_tn,iiad_tn,L33,Istituto di Istruzione Alcide Degasperi,istalcidedegasperi.edu.it,scuole.provincia.tn.it,1,scuole.provincia.tn.it=NO:unrelated
IT-L33-ipbp_,ipbp_,L33,Istituto Pluricomprensivo Brunico-val Pusteria,ipcbrunico.it,scuola.alto-adige.it,1,scuola.alto-adige.it=NO:pa_shared_platform_out_of_scope:scuola.alto-adige.it
IT-L33-isajm_,isajm_,L33,Istituzione Scolastica Abbe J.M. Treves,ajmtreves.edu.it,mail.scuole.vda.it;regione.vda.it,2,mail.scuole.vda.it=NO:unrelated | regione.vda.it=NO:pa_shared_platform_out_of_scope:regione.vda.it
IT-L33-isapdcao,isapdcao,L33,Istituzione scolastica Abbé Prosper Duc,prosperduc.it,regione.vda.it,1,regione.vda.it=NO:pa_shared_platform_out_of_scope:regione.vda.it
IT-L33-iscme_,iscme_,L33,Istituzione scolastica Ottavio Jacquemet,ojacquemet.edu.it,regione.vda.it,1,regione.vda.it=NO:pa_shared_platform_out_of_scope:regione.vda.it
IT-L33-iscmm_,iscmm_,L33,Istituzione Scolastica Unite Des Communes Valdotaines Mont Rose A.,mrosea.edu.it,regione.vda.it,1,regione.vda.it=NO:pa_shared_platform_out_of_scope:regione.vda.it
IT-L33-iscmm_bv,iscmm_bv,L33,Istituzione Scolastica Unite Des Communes Valdotaines Mont Emilius 1,memilius1.edu.it,regione.vda.it,1,regione.vda.it=NO:pa_shared_platform_out_of_scope:regione.vda.it
IT-L33-iscmv_,iscmv_,L33,Istituzione Scolastica Valdigne Mont-Blanc,valdignemb.edu.it,regione.vda.it,1,regione.vda.it=NO:pa_shared_platform_out_of_scope:regione.vda.it
IT-L33-isem_,isem_,L33,Istituzione Scolastica Eugenia Martinet,eugeniamartinet.it,regione.vda.it,1,regione.vda.it=NO:pa_shared_platform_out_of_scope:regione.vda.it
IT-L33-isjc_,isjc_,L33,Istituzione Scolastica Jean-baptiste Cerlogne,jbcerlogne.edu.it,mail.scuole.vda.it;regione.vda.it,2,mail.scuole.vda.it=NO:unrelated | regione.vda.it=NO:pa_shared_platform_out_of_scope:regione.vda.it
IT-L33-islb,islb,L33,Istituzione Scolastica Luigi Barone,lbarone.edu.it,regione.vda.it,1,regione.vda.it=NO:pa_shared_platform_out_of_scope:regione.vda.it
IT-L33-isle,isle,L33,Istituzione Scolastica Luigi Einaudi,leinaudi.edu.it,regione.vda.it,1,regione.vda.it=NO:pa_shared_platform_out_of_scope:regione.vda.it
IT-L33-isme_,isme_,L33,Istituzione Scolastica Mont Emilius 2,memilius2.edu.it,regione.vda.it,1,regione.vda.it=NO:pa_shared_platform_out_of_scope:regione.vda.it
IT-L33-ismiv,ismiv,L33,Istituzione Scolastica Maria Ida Viglino,miviglino.edu.it,regione.vda.it,1,regione.vda.it=NO:pa_shared_platform_out_of_scope:regione.vda.it
IT-L33-isrma_,isrma_,L33,Istituzione Scolastica R.M.Adelaide,rmadelaide.edu.it,regione.vda.it,1,regione.vda.it=NO:pa_shared_platform_out_of_scope:regione.vda.it
IT-L33-issr_,issr_,L33,Istituzione Scolastica Saint Roch,sroch.edu.it,regione.vda.it,1,regione.vda.it=NO:pa_shared_platform_out_of_scope:regione.vda.it
IT-L33-iswm_,iswm_,L33,ISTITUZIONE SCOLASTICA ELIO REINOTTI,ereinotti.edu.it,regione.vda.it,1,regione.vda.it=NO:pa_shared_platform_out_of_scope:regione.vda.it
IT-L33-itr,itr,L33,Istituto Tecnico-professionale Regionale,cgex.edu.it,regione.vda.it,1,regione.vda.it=NO:pa_shared_platform_out_of_scope:regione.vda.it
IT-L33-lc_tn,lc_tn,L33,Liceo Andrea Maffei,e.liceomaffei.it,scuole.provincia.tn.it,1,scuole.provincia.tn.it=NO:unrelated
IT-L33-lseb_,lseb_,L33,Liceo Scientifico Edouard Berard,lberard.edu.it,regione.vda.it,1,regione.vda.it=NO:pa_shared_platform_out_of_scope:regione.vda.it
IT-L33-st_,st_,L33,Schulsprengel Tschoegglberg,ssp-tschoegglberg.it,schule.suedtirol.it,1,schule.suedtirol.it=NO:pa_shared_platform_out_of_scope:schule.suedtirol.it
IT-L34-apspc,apspc,L34,"Azienda Pubblica di Servizi alla Persona Cordenonese ""Virginia Fabbri Taliento""",casadiriposocordenons.it,aspcordenonese.it,1,aspcordenonese.it=NO:unrelated
IT-L34-cotl,cotl,L34,Casa di Ospitalita' Tommaso Lucentini,tommasolucentini.jimdo.com,gmail.com,1,gmail.com=NO:unrelated
IT-L34-crca,crca,L34,Casa di Riposo Citta' di Asti,casadiriposo.asti.it,gmail.com,1,gmail.com=NO:unrelated
IT-L34-crgx_,crgx_,L34,Casa di Riposo Giovanni Xxiii,sites.google.com,libero.it,1,libero.it=NO:unrelated
IT-L34-crmadd,crmadd,L34,Casa di Riposo Maria Addolorata,casadiriposo-santaninfa.it,gmail.com,1,gmail.com=NO:unrelated
IT-L34-crssa,crssa,L34,Casa di Riposo Ss. Annunziata,casariposobusca.it,gmail.com,1,gmail.com=NO:unrelated
IT-L34-csaasb,csaasb,L34,Centro Socio Assistenziale Anziani Sciacca Baratta,casadiriposopatti.it,virgilio.it,1,virgilio.it=NO:unrelated
IT-L34-iisf,iisf,L34,Ipab Istituto Sacra Famiglia,istitutosacrafamiglia.org,pec.istitutosacrafamiglia.org,1,pec.istitutosacrafamiglia.org=OK:subdomain_or_parent
IT-L34-ipabcoc,ipabcoc,L34,I.P.A.B. Casa di Ospitalita' Collereale,ipabcollereale.it,libero.it,1,libero.it=NO:unrelated
IT-L34-irsbs,irsbs,L34,Ipab Residence Salvatore Bellia San Luigi Gonzaga Costanzo Cutore,ipab-bellia.com,tiscali.it,1,tiscali.it=NO:unrelated
IT-L34-isalt,isalt,L34,Ipab Ss. Annunziata,ipabsantissimannunziata.it,hotmail.it,1,hotmail.it=NO:unrelated
IT-L34-itlep,itlep,L34,Istituto Tempesti per L'Educazione Permanente Dei Giovani Casa di Riposo E. Chiassarini,istitutotempesti.it,virgilio.it,1,virgilio.it=NO:unrelated
IT-L34-opasm,opasm,L34,Opera Pia Asili Scuole Materne,ipab.scuolafiorasi.it,inwind.it,1,inwind.it=NO:unrelated
IT-L34-oplbag,oplbag,L34,Opera Pia Legato Barone Alpi Gaetano,legatobarone.provincia.venezia.it,gmail.com,1,gmail.com=NO:unrelated
IT-L34-oprdm,oprdm,L34,Opere Pie Riunite Devoto Marini Sivori,operepielavagna.it,libero.it,1,libero.it=NO:unrelated
IT-L34-silb,silb,L34,Scuola dell Infanzia Giandanese Bernini,giandanesebernini.com,gmail.com,1,gmail.com=NO:unrelated
IT-L35-urdcca,urdcca,L35,"Unione Regionale Delle Camere di Commercio, Industria, Artigianato e Agricoltura dell'Abruzzo",unioncamereabruzzo.it,abruzzo.camcom.it,1,abruzzo.camcom.it=NO:unrelated
IT-L36-VTH34HOV,VTH34HOV,L36,SOCIETA' DELLA SALUTE FIORENTINA SUD EST,sds-firenzesudest.055055.it,uslcentro.toscana.it,1,uslcentro.toscana.it=NO:unrelated
IT-L36-camam,camam,L36,Consorzio Asso Mab Alto Molise,assomab.it,virgilio.it,1,virgilio.it=NO:unrelated
IT-L36-cassb,cassb,L36,Consorzio Ato Sud Salento Bacino Le3,atolecce3rsu.it,libero.it,1,libero.it=NO:unrelated
IT-L36-ccos_063,ccos_063,L36,Consorzio Cimitero Ottaviano San Giuseppe Vesuviano,consorziocimiteroottavianosangiuseppevesuviano.it,gmail.com,1,gmail.com=NO:unrelated
IT-L36-cgga,cgga,L36,Consorzio Gestione Giardino Alpinia,consorzioalpinia.it,libero.it,1,libero.it=NO:unrelated
IT-L36-cibcs,cibcs,L36,Consorzio per Il Bacino di Carenaggio della Spezia,consorziobacinocarenaggio.it,gmail.com,1,gmail.com=NO:unrelated
IT-L36-cidsp,cidsp,L36,Consorzio Ovest Solidale,consorziovestsolidale.it,ovestsolidale.to.it,1,ovestsolidale.to.it=NO:unrelated
IT-L36-cisps,cisps,L36,Consorzio Idraulico Sabino,acquasabina.it,virgilio.it,1,virgilio.it=NO:unrelated
IT-L36-clili,clili,L36,Consorzio per L'Integrazione e L'Inclusione Sociale dell'Ambito di Maglie,ambitosocialemaglie.gov.it,comune.maglie.le.it,1,comune.maglie.le.it=NO:unrelated
IT-L36-clvcdgpc,clvcdgpc,L36,Consorzio per La Valorizzazione e Conservazione Delle Grotte di Pastena e Collepardo,grottepastenacollepardo.it,libero.it;gmail.com,2,libero.it=NO:unrelated | gmail.com=NO:unrelated
IT-L36-cplibsca,cplibsca,L36,Consorzio Polizia Locale Isola B.sca,polizialocaleisolabg.it,comune.sottoilmontegiovannixxiii.bg.it,1,comune.sottoilmontegiovannixxiii.bg.it=NO:unrelated
IT-L36-cpssa,cpssa,L36,Consorzio dei Servizi Sociali Ambito A4,pec.servizisociali.av.it,servizisociali.av.it,1,servizisociali.av.it=OK:subdomain_or_parent
IT-L36-csbv_vr,csbv_vr,L36,Consorzio Sviluppo Basso Veronese di Nogara,csbv.it,pec.csbv.it,1,pec.csbv.it=OK:subdomain_or_parent
IT-L37-PRGRIN0U,PRGRIN0U,L37,"Comitato Organizzatore ""MILANO 2023""",milano2023.it,pec.milano2023.it,1,pec.milano2023.it=OK:subdomain_or_parent
IT-L37-agtmsr,agtmsr,L37,A.G.T. Multiservizi S.R.L.,agtmultiservizi.it,pec.agtmultiservizi.it,1,pec.agtmultiservizi.it=OK:subdomain_or_parent
IT-L37-azspclca,azspclca,L37,Azienda di Servizi alla Persona Casa Leandra di Canneto Sull' Oglio,asp.canneto.mn.it,pec.asp.canneto.mn.it,1,pec.asp.canneto.mn.it=OK:subdomain_or_parent
IT-L37-cas,cas,L37,Campania Ambiente e Servizi Spa,campaniaambiente.it,hotmail.it,1,hotmail.it=NO:unrelated
IT-L37-cbb_107,cbb_107,L37,Consorzio di Bonifica del Basso Sulics,consorziobassosulcis.it,tiscali.it,1,tiscali.it=NO:unrelated
IT-L37-cbidb,cbidb,L37,Consorzio di Bonifica Integrale Dei Bacini Meridionali del Cosentino,bacinimeridionali.it,pec.bacinimeridionali.it,1,pec.bacinimeridionali.it=OK:subdomain_or_parent
IT-L37-cbopb_47,cbopb_47,L37,Consorzio di Bonifica Ombrone Pistoiese Bisenzio,cbombronebisenzio.it,pec.cbombronebisenzio.it,1,pec.cbombronebisenzio.it=OK:subdomain_or_parent
IT-L37-cbpm_rm,cbpm_rm,L37,Consorzio di Bonifica Pratica di Mare,consorziodibonificapraticadimare.it,cbpdm.it,1,cbpdm.it=NO:unrelated
IT-L37-crosc_,crosc_,L37,Casa di Riposo Ospedale Santa Croce,casediriposoanziani.com,tiscali.it,1,tiscali.it=NO:unrelated
IT-L37-esrl,esrl,L37,Emmegi S.R.L.,emmegitributi.it,hotmail.com;libero.it,2,hotmail.com=NO:unrelated | libero.it=NO:unrelated
IT-L37-esugss,esugss,L37,Esu Gestioni e Servizi Srl,esupd.gov.it,esugestioniservizi.it,1,esugestioniservizi.it=NO:unrelated
IT-L37-fccsa,fccsa,L37,Tribuzio Mobility Srl,farmacomcsa.it,gmail.com,1,gmail.com=NO:unrelated
IT-L37-gsaas,gsaas,L37,Ge.S.A. Ag2 S.P.A.,atogesaag.it,virgilio.it,1,virgilio.it=NO:unrelated
IT-L37-mosspa,mosspa,L37,Mosema S.P.A.,mosema.it,pec.mosema.it,1,pec.mosema.it=OK:subdomain_or_parent
IT-L37-scirs,scirs,L37,Servizi Comunali Integrati R.S.U. S.P.A.,servizicomunalispa.it,pec.servizicomunalispa.it;libero.it,2,pec.servizicomunalispa.it=OK:subdomain_or_parent | libero.it=NO:unrelated
IT-L37-valspa,valspa,L37,Valbe Servizi S.P.A.,valbeservizi.it,pec.valbeservizi.it,1,pec.valbeservizi.it=OK:subdomain_or_parent
IT-L37-visrl,visrl,L37,Virgilio S.R.L.,virgiliosrl.eu,pec.virgiliosrl.eu,1,pec.virgiliosrl.eu=OK:subdomain_or_parent
IT-L37-vspa,vspa,L37,Voltano S.P.A.,voltano.it,gmail.com,1,gmail.com=NO:unrelated
IT-L38-forstdom,forstdom,L38,Agenzia Demanio provinciale,agenzia-demanioprovinciale.bz.it,provincia.bz.it,1,provincia.bz.it=NO:unrelated
IT-L38-pr_migli,pr_migli,L38,Ente Parco Regionale Migliarino San Rossore Massaciuccoli,parcosanrossore.org,sanrossore.toscana.it,1,sanrossore.toscana.it=NO:unrelated
IT-L38-pzdm,pzdm,L38,Parco dello Zolfo Delle Marche,parcodellozolfodellemarche.it,regione.marche.it,1,regione.marche.it=NO:pa_shared_platform_out_of_scope:regione.marche.it
IT-L38-rndac,rndac,L38,Riserva Naturale Delle Antiche Citta di Fregellae e Fabrateria Nova e del Lago di S.Giovanni Incarico,riservafregellae.it,pec.riservafregellae.it;libero.it,2,pec.riservafregellae.it=OK:subdomain_or_parent | libero.it=NO:unrelated
IT-L38-rnlc,rnlc,L38,RISERVA NATURALE DEL LAGO DI CANTERNO,riservanaturalecanterno.it,yahoo.it,1,yahoo.it=NO:unrelated
IT-L44-caasi,caasi,L44,Consorzio di Ambito di Agrigento S.I.I.,atoidricoag9.it,email.it,1,email.it=NO:unrelated
IT-L44-caato,caato,L44,Consorzio Autorita A.T.O. N. 5 - Enna,ato5enna.it,tiscali.it,1,tiscali.it=NO:unrelated
IT-L44-srrpn,srrpn,L44,S.R.R.-Trapani Provincia Nord,srrtrapaninord.it,gmail.com,1,gmail.com=NO:unrelated
IT-L47-cddgpc,cddgpc,L47,Commissario Delegato Dirigente Generale Protezione Civile O.C.D.P.C. 257 2015,pti.regione.sicilia.it,protezionecivilesicilia.it,1,protezionecivilesicilia.it=NO:unrelated
IT-L47-cdocdp,cdocdp,L47,Commissario Delegato O.C.D.P.C. N. 340 2016,pti.regione.sicilia.it,protezionecivilesicilia.it,1,protezionecivilesicilia.it=NO:unrelated
IT-L47-cgspied,cgspied,L47,Commissariato Generale di Sezione per La Partecipazione Italiana Ad Expo 2020 Dubai,italyexpo2020.it,esteri.it,1,esteri.it=NO:unrelated
IT-L47-cslssaq,cslssaq,L47,Commissario Straordinario per La Sicurezza del Sistema Idrico del Gran Sasso,commissario.gransasso.gov.it,mit.gov.it,1,mit.gov.it=NO:unrelated
IT-L47-ocdpc619,ocdpc619,L47,Commissario Delegato Ex Ocdpc 619_2019,pti.regione.sicilia.it,protezionecivilesicilia.it,1,protezionecivilesicilia.it=NO:unrelated
IT-L8-aol_087,aol_087,L8,Azienda Ospedaliera per L'Emergenza Cannizzaro,aocannizzaro.it,ospedale-cannizzaro.it,1,ospedale-cannizzaro.it=NO:unrelated
IT-L8-irpsm_pv,irpsm_pv,L8,FONDAZIONE IRCCS POLICLINICO 'S.MATTEO',sanmatteo.org,smatteo.pv.it,1,smatteo.pv.it=NO:unrelated
IT-SA-MT4NWYDE,MT4NWYDE,SA,FONDAZIONE E.U.L.O. - UNIVERSITA' DI BRESCIA,fondazioneeulounibs.cloud,fondazioneunibs.eu,1,fondazioneunibs.eu=NO:unrelated
IT-SA-SQC4HLP9,SQC4HLP9,SA,Società Gasdotti Italia S.p.A.,gasdottitalia.com,sgispa.com,1,sgispa.com=NO:unrelated
